Spotify URI,Title,Album,Artist(s),Submitter ID,Created,Comment,Round ID,Visible To Voters
spotify:track:04j67XNNVu1HI7JrIlMM3S,"Accidentally In Love - From ""Shrek 2"" Soundtrack",Shrek 2 (Original Motion Picture Soundtrack),Counting Crows,ac813392a79c4a7f9ea22dc0b007c908,2025-07-10T14:53:38Z,,0750048098a24f238f6f051d212afff0,Yes
spotify:track:0LQtEJt7x0s6knb6RKdRYc,Chicken Fried,The Foundation,Zac Brown Band,f94b866e99754c5eb8434a7eb5409fe9,2025-07-11T08:15:35Z,,0750048098a24f238f6f051d212afff0,Yes
spotify:track:0M595TbsWjBATdeAPowY4m,Good Thing,Cheer Up!,Reel Big Fish,a900caf2bfc84be6b79c469044099464,2025-07-08T16:35:38Z,,0750048098a24f238f6f051d212afff0,Yes
spotify:track:0MHXrqn909p0LRTPsNsGEi,Move on Up - Single Edit,Move on Up,Curtis Mayfield,1f6d56cafbc54fe7afb1aea5d886923f,2025-07-10T18:23:04Z,,0750048098a24f238f6f051d212afff0,No
spotify:track:0z4kyKuFGmUV7WQ7gB1sAp,Goliath,Goliath,Smith & Thell,f29c7c3fa4ab415c95422bd0e591a18e,2025-07-10T19:53:58Z,One of my favourites ,0750048098a24f238f6f051d212afff0,No
spotify:track:1yjY7rpaAQvKwpdUliHx0d,Still into You,Paramore,Paramore,4f917f507b4440b8956af6d2102c8799,2025-07-08T17:07:37Z,,0750048098a24f238f6f051d212afff0,Yes
spotify:track:2yvLgJd9ZcOUwdaPBhsKhn,Raise Up Your Bat,DELTARUNE Chapters 3+4 (Original Game Soundtrack),Toby Fox,150852783a7f408b9e60d22546416953,2025-07-10T19:49:42Z,Song brings me joy,0750048098a24f238f6f051d212afff0,Yes
spotify:track:3IkWmgGsXbsafrunwPojXO,From Now On,The Greatest Showman (Original Motion Picture Soundtrack),"Hugh Jackman, The Greatest Showman Ensemble",6ced1c59efcf488abb16960d2cd99acd,2025-07-08T16:27:12Z,,0750048098a24f238f6f051d212afff0,Yes
spotify:track:5gCTgcvFfs0d9ShWLY2S1V,If You Know That I'm Lonely,If You Know That I'm Lonely,FUR,d738825622ae445dbdbc37ce49417c43,2025-07-08T10:45:54Z,Could've picked a million songs im so basic im sorry ,0750048098a24f238f6f051d212afff0,Yes
spotify:track:7eeXZXJBBqjfQEYNB49PqW,Pierre,The Fool,Ryn Weaver,2bbb70be8ec74252baabed5d4363123f,2025-07-11T08:50:41Z,,0750048098a24f238f6f051d212afff0,Yes
spotify:track:0k2GOhqsrxDTAbFFSdNJjT,Temperature,The Trinity,Sean Paul,6ced1c59efcf488abb16960d2cd99acd,2025-07-15T17:13:20Z,"Nothing gets you going like ""Di gyaldem schillaci, chanderpaul, suh mi give it to, suh mi give it to,  baby girl, all my girls, 5 million and 40 naughty shorty"" ",c6443d6e34584f82b777d112a295d5c7,Yes
spotify:track:0W4N0KzHKWQp2Wn1Mf6uMa,We Got the Moves,TEKKNO,Electric Callboy,f94b866e99754c5eb8434a7eb5409fe9,2025-07-16T08:58:21Z,,c6443d6e34584f82b777d112a295d5c7,Yes
spotify:track:144adL7pGHEWRwute2wxzZ,Omen,Invaders Must Die,The Prodigy,a900caf2bfc84be6b79c469044099464,2025-07-15T16:59:05Z,,c6443d6e34584f82b777d112a295d5c7,Yes
spotify:track:3Ddr3lrq9nBMMsoGyb7ppq,What You Say,New Age Norms 3,Cold War Kids,ac813392a79c4a7f9ea22dc0b007c908,2025-07-15T14:48:33Z,,c6443d6e34584f82b777d112a295d5c7,No
spotify:track:3jagGO7eHHuaD53ibehkux,Blood and Thunder,Leviathan,Mastodon,1f6d56cafbc54fe7afb1aea5d886923f,2025-07-15T18:04:52Z,Get this going on the rowing machine. ,c6443d6e34584f82b777d112a295d5c7,No
spotify:track:4fRmFVMd0c1SGfzazBJIM8,True Believers,How I Spent My Summer Vacation,The Bouncing Souls,41eae7243da14fdf80b74965d979ea1b,2025-07-15T18:35:09Z,,c6443d6e34584f82b777d112a295d5c7,No
spotify:track:4jQDaI7FRGaDB0llURpnNf,HER,HER,Block B,d738825622ae445dbdbc37ce49417c43,2025-07-15T16:23:27Z,,c6443d6e34584f82b777d112a295d5c7,Yes
spotify:track:4Y7XAxTANhu3lmnLAzhWJW,Fireball (feat. John Ryan),Globalization,"Pitbull, John Ryan",2bbb70be8ec74252baabed5d4363123f,2025-07-15T14:15:41Z,,c6443d6e34584f82b777d112a295d5c7,Yes
spotify:track:5W3cjX2J3tjhG8zb6u0qHn,"Harder, Better, Faster, Stronger",Discovery,Daft Punk,4f917f507b4440b8956af6d2102c8799,2025-07-17T13:51:44Z,,c6443d6e34584f82b777d112a295d5c7,Yes
spotify:track:6Q0NClEsbHm92ER9WckerC,Beethoven Virus - Ultimate Version,Beethoven Virus (Ultimate Version),logan feece,f29c7c3fa4ab415c95422bd0e591a18e,2025-07-15T18:00:40Z,"Lifted 100kg to this song. There is nothing better
",c6443d6e34584f82b777d112a295d5c7,No
spotify:track:6QLTabgzA4CXdXrCV7aTuV,Beaten in Lips,Disgusting,Beartooth,150852783a7f408b9e60d22546416953,2025-07-15T14:34:20Z,Listened to this song for 5 hours in total in 2022,c6443d6e34584f82b777d112a295d5c7,No
spotify:track:0Puj4YlTm6xNzDDADXHMI9,Sabotage,Ill Communication,Beastie Boys,f94b866e99754c5eb8434a7eb5409fe9,2025-07-18T12:34:04Z,,20a7634884da4a32ad888656abd6ebe3,Yes
spotify:track:10BzlgNU798eToM93q0aWJ,Reign,Humble As The Sun,Bob Vylan,a900caf2bfc84be6b79c469044099464,2025-07-18T13:18:51Z,,20a7634884da4a32ad888656abd6ebe3,Yes
spotify:track:1hJN8hZvzEvOvqX32jSSrw,where's my head at _,where's my head at _,"Basement Jaxx, 100 gecs",150852783a7f408b9e60d22546416953,2025-07-18T12:44:50Z,Absolute banger,20a7634884da4a32ad888656abd6ebe3,No
spotify:track:2TZtQt10Ajm3wB4MoqluZj,One Night In Tokyo,Dark Connection,Beast In Black,f29c7c3fa4ab415c95422bd0e591a18e,2025-07-18T12:45:35Z,You can't hear this and not want to blast it at max,20a7634884da4a32ad888656abd6ebe3,No
spotify:track:3U5JVgI2x4rDyHGObzJfNf,Unwritten,Unwritten,Natasha Bedingfield,41eae7243da14fdf80b74965d979ea1b,2025-07-18T20:39:52Z,,20a7634884da4a32ad888656abd6ebe3,Yes
spotify:track:4L4kpvzyeanb7jYzoGnTWG,The Magick,The Magick,Witchz,2bbb70be8ec74252baabed5d4363123f,2025-07-18T12:28:57Z,"Idc if it's obvious who posted this, blast it and have fun",20a7634884da4a32ad888656abd6ebe3,Yes
spotify:track:4wtR6HB3XekEengMX17cpc,Children,Children (Dance Vault Mixes),Robert Miles,4f917f507b4440b8956af6d2102c8799,2025-07-18T22:49:42Z,,20a7634884da4a32ad888656abd6ebe3,Yes
spotify:track:597i9UhHbW8hHgBUp8Tm54,Panic Switch,Swoon,Silversun Pickups,ac813392a79c4a7f9ea22dc0b007c908,2025-07-18T16:57:26Z,,20a7634884da4a32ad888656abd6ebe3,No
spotify:track:5dtyp8DZWqzLhbYzFUkPFR,Kriss Kross,Red,Guillemots,d738825622ae445dbdbc37ce49417c43,2025-07-18T12:44:37Z,,20a7634884da4a32ad888656abd6ebe3,Yes
spotify:track:5OjCsHeByDYEGxMrb1z8KQ,Flying Whales,From Mars to Sirius,Gojira,1f6d56cafbc54fe7afb1aea5d886923f,2025-07-18T18:08:35Z,,20a7634884da4a32ad888656abd6ebe3,No
spotify:track:6VRhkROS2SZHGlp0pxndbJ,Bangarang (feat. Sirah),Bangarang EP,"Skrillex, Sirah",6ced1c59efcf488abb16960d2cd99acd,2025-07-18T20:48:29Z,"Hey, still ain't got my marbles
but I got these beats banging out the back of my toy car
Ayo, I'm eating Fun Dip right now, not giving a fuck, mwah!",20a7634884da4a32ad888656abd6ebe3,Yes
spotify:track:0h2gzJQBt6duqZD6kWiz4s,Moby Dick,Led Zeppelin II (1994 Remaster),Led Zeppelin,a900caf2bfc84be6b79c469044099464,2025-07-20T17:41:13Z,,5a044cb1fdca4b9da299083ee369b0df,Yes
spotify:track:14Qcrx6Dfjvcj0H8oV8oUW,"""In The Hall Of The Mountain King"" from Peer Gynt Suite N¬∞1, Op. 46",The London Symphony Orchestra: The Top 100 of Classical Music,London Symphony Orchestra,4f917f507b4440b8956af6d2102c8799,2025-07-20T17:58:41Z,Give it time... ,5a044cb1fdca4b9da299083ee369b0df,Yes
spotify:track:1RCx6JhDEaIe0pPtoweUX0,Unicorn Waltz,The Best of Deathm√∏le,Deathm√∏le,f29c7c3fa4ab415c95422bd0e591a18e,2025-07-20T15:35:45Z,The best song from the band that you've never heard of,5a044cb1fdca4b9da299083ee369b0df,No
spotify:track:2QTDuJIGKUjR7E2Q6KupIh,Test Drive - From How To Train Your Dragon Music From The Motion Picture,How To Train Your Dragon (Music From The Motion Picture),John Powell,f94b866e99754c5eb8434a7eb5409fe9,2025-07-20T22:34:00Z,,5a044cb1fdca4b9da299083ee369b0df,Yes
spotify:track:2usrT8QIbIk9y0NEtQwS4j,Intro,xx,The xx,6ced1c59efcf488abb16960d2cd99acd,2025-07-21T06:54:55Z,,5a044cb1fdca4b9da299083ee369b0df,No
spotify:track:3PibgbUWMGaYZObGpvGhmJ,Heat Death Infinity Splitter,Wild Light,65daysofstatic,ac813392a79c4a7f9ea22dc0b007c908,2025-07-21T10:30:36Z,,5a044cb1fdca4b9da299083ee369b0df,No
spotify:track:4GmpwtKCSTWESFjSdLTFB1,Caf√© 1930,¬°Bailemos!,"Astor Piazzolla, Duo Cantolegno",150852783a7f408b9e60d22546416953,2025-07-20T16:25:11Z,,5a044cb1fdca4b9da299083ee369b0df,No
spotify:track:5hbQBhHUbVanCy9hOuK9nH,Go Straight,Streets of Rage 2 (Official Game Soundtrack),"Yuzo Koshiro, Motohiro Kawashima Â∑ùÂ≥∂ Âü∫ÂÆè",41eae7243da14fdf80b74965d979ea1b,2025-07-20T17:34:08Z,,5a044cb1fdca4b9da299083ee369b0df,No
spotify:track:5UFYbXgRJ6bl5ObWesiUBb,"Lost Woods (From ""The Legend of Zelda: Ocarina of Time"")","The Ocarina of Time Collection (Theme Songs From ""The Legend of Zelda"")",Video Game Players,d738825622ae445dbdbc37ce49417c43,2025-07-21T08:25:31Z,,5a044cb1fdca4b9da299083ee369b0df,Yes
spotify:track:6OBqhUnteSN1tzCEtfV2Yf,South American Sun,Italian Ghosts,Strawberry Girls,1f6d56cafbc54fe7afb1aea5d886923f,2025-07-20T19:59:14Z,,5a044cb1fdca4b9da299083ee369b0df,No
spotify:track:6TCX42krn2Hq8vqCuEIkrh,I Giorni,I Giorni,Ludovico Einaudi,2bbb70be8ec74252baabed5d4363123f,2025-07-21T10:06:45Z,,5a044cb1fdca4b9da299083ee369b0df,Yes
spotify:track:0jdny0dhgjUwoIp5GkqEaA,Praying,Rainbow,Kesha,ac813392a79c4a7f9ea22dc0b007c908,2025-07-22T09:10:40Z,,c42dcedfc2c1446cbf4ce8a7d9480e55,No
spotify:track:1albHYDB48jL8MuV75ffPA,Tomorrow Is a Long Time - Witmark Demo - 1962,The Witmark Demos: 1962-1964 (The Bootleg Series Vol. 9),Bob Dylan,d738825622ae445dbdbc37ce49417c43,2025-07-21T21:32:04Z,Absolutely gonna come last with this one but im not selling out this time. Sorry it sounds like its been recorded on a potato but this is the only version for me. This weirdly gives me so much serotonin. Its really somethin. Theres a reason timmy c chose to perform it on SNL ü´∂üèªü´∂üèªü´∂üèª ,c42dcedfc2c1446cbf4ce8a7d9480e55,Yes
spotify:track:1BncfTJAWxrsxyT9culBrj,Experience,In A Time Lapse,"Ludovico Einaudi, Daniel Hope, I Virtuosi Italiani",150852783a7f408b9e60d22546416953,2025-07-21T19:54:46Z,Ascending to the gods,c42dcedfc2c1446cbf4ce8a7d9480e55,Yes
spotify:track:1KOqY0QTSadQFRgbNw1sLh,Never Catch Me,You're Dead!,"Flying Lotus, Kendrick Lamar",1f6d56cafbc54fe7afb1aea5d886923f,2025-07-22T10:12:53Z,,c42dcedfc2c1446cbf4ce8a7d9480e55,No
spotify:track:1sz0fuWEAcPkCfG5o7D9KP,Every Breath You Take (Re:Imagined),Every Breath You Take (Re:Imagined),Denmark + Winter,a900caf2bfc84be6b79c469044099464,2025-07-21T20:32:12Z,,c42dcedfc2c1446cbf4ce8a7d9480e55,Yes
spotify:track:3pbN3SGJott0Rgb5aE5kqc,Transgender,(III),Crystal Castles,f29c7c3fa4ab415c95422bd0e591a18e,2025-07-21T19:55:45Z,"You want a song that raises the hair on your back, gives you goosebumps and makes you check over your shoulder? This one",c42dcedfc2c1446cbf4ce8a7d9480e55,No
spotify:track:3pRaLNL3b8x5uBOcsgvdqM,Hallelujah,Grace,Jeff Buckley,f94b866e99754c5eb8434a7eb5409fe9,2025-07-21T23:18:38Z,Sorry it's basic but honestly the best song for this genre,c42dcedfc2c1446cbf4ce8a7d9480e55,Yes
spotify:track:6eTGxxQxiTFE6LfZHC33Wm,Hopp√≠polla,Takk...,Sigur R√≥s,4f917f507b4440b8956af6d2102c8799,2025-07-22T10:08:30Z,,c42dcedfc2c1446cbf4ce8a7d9480e55,Yes
spotify:track:6Jpcj0v0uc0IDq8ec35UGO,My Immortal - Band Version / Remastered 2023,Fallen (Deluxe Edition / Remastered 2023),Evanescence,6ced1c59efcf488abb16960d2cd99acd,2025-07-22T06:16:42Z,Wait for the band,c42dcedfc2c1446cbf4ce8a7d9480e55,Yes
spotify:track:7bPWdJgx8vek7S5i5yAtvG,Chemtrails Over The Country Club,Chemtrails Over The Country Club,Lana Del Rey,2bbb70be8ec74252baabed5d4363123f,2025-07-22T06:05:09Z,,c42dcedfc2c1446cbf4ce8a7d9480e55,Yes
spotify:track:7KX65PC1UZuImsUInThbav,Cold Little Heart - Radio Edit,Cold Little Heart (Radio Edit),Michael Kiwanuka,41eae7243da14fdf80b74965d979ea1b,2025-07-21T22:34:49Z,,c42dcedfc2c1446cbf4ce8a7d9480e55,No
spotify:track:2tHdQjwO5zN86MLF7ZtU1X,Venom,GREY Area,Little Simz,2bbb70be8ec74252baabed5d4363123f,2025-07-23T08:54:30Z," ",a6219e9c7ffb43bcae67abae60884229,Yes
spotify:track:2wZCcWV0SX5IXc9IBbbz31,Up in the Air,Dylan John Thomas,Dylan John Thomas,d738825622ae445dbdbc37ce49417c43,2025-07-22T23:37:51Z,,a6219e9c7ffb43bcae67abae60884229,Yes
spotify:track:32Uy2CQUWhdES14xY7MZkf,Song Of Healing,Song Of Healing,Adam Dodson,f29c7c3fa4ab415c95422bd0e591a18e,2025-07-22T20:00:25Z,This song is so beautiful that it genuinely gets me. ,a6219e9c7ffb43bcae67abae60884229,No
spotify:track:3bg0C4y3BvpaB0TPj5sQlf,Bus Money,Get This In Ya,The Chats,150852783a7f408b9e60d22546416953,2025-07-23T08:49:19Z,Ispenmabumoneyonabicliger,a6219e9c7ffb43bcae67abae60884229,Yes
spotify:track:3FFYH9A5rLqohxQhNW4Qka,Shit,INSIDE,Bo Burnham,a900caf2bfc84be6b79c469044099464,2025-07-22T21:12:53Z,There was a lot of terrible lip syncing to this song on social media but it hasn't put me off. ,a6219e9c7ffb43bcae67abae60884229,Yes
spotify:track:3tW5b01kiWfMJKQWddwPNl,Woman (Single Edit),Woman,Lady Blackbird,ac813392a79c4a7f9ea22dc0b007c908,2025-07-22T20:18:21Z,,a6219e9c7ffb43bcae67abae60884229,No
spotify:track:474uVhyGgK5MtY9gMcDgGl,It's Called: Freefall,"How to: Friend, Love, Freefall",Rainbow Kitten Surprise,6ced1c59efcf488abb16960d2cd99acd,2025-07-23T07:16:45Z,I'm obsessed with the lyrics to this one,a6219e9c7ffb43bcae67abae60884229,No
spotify:track:4ejCsNXh66YasBUiwfBhDg,Mercy (feat. Jacob Lusk),Mercy (feat. Jacob Lusk),"The Blessed Madonna, Jacob Lusk",4f917f507b4440b8956af6d2102c8799,2025-07-23T13:56:09Z,,a6219e9c7ffb43bcae67abae60884229,Yes
spotify:track:4z5L0qDduw3w1apQ4Qa6KV,Alphabet Aerobics,A2G EP,"Blackalicious, Lateef The Truthspeaker, Cut Chemist",1f6d56cafbc54fe7afb1aea5d886923f,2025-07-23T08:49:29Z,,a6219e9c7ffb43bcae67abae60884229,No
spotify:track:507IFqPuG8mBQoKebfGG9t,Long Tall Sally (The Thing),Here's Little Richard (Deluxe Edition),Little Richard,41eae7243da14fdf80b74965d979ea1b,2025-07-23T10:58:51Z,,a6219e9c7ffb43bcae67abae60884229,No
spotify:track:7lWkrcZmi7HiKsKjth2T0L,Wicked Game,Wicked Game,Tenacious D,f94b866e99754c5eb8434a7eb5409fe9,2025-07-22T23:39:03Z,This would have been great im the covers category but its also an amazing shortie,a6219e9c7ffb43bcae67abae60884229,Yes
spotify:track:0golpXYIyNhpxz9GH1MMTR,Beautiful Thing,Perfectly Imperfect (Japan Version),Grace VanderWaal,2bbb70be8ec74252baabed5d4363123f,2025-07-23T19:09:21Z,üò≠üò≠,0f192ef034654aea98a2a324ab89cb44,Yes
spotify:track:0Lx6O1tC3CPF1giLJIt5Jv,"Say Hello, Wave Goodbye - 7"" Single Version",Non-Stop Erotic Cabaret,Soft Cell,4f917f507b4440b8956af6d2102c8799,2025-07-23T19:20:42Z,,0f192ef034654aea98a2a324ab89cb44,Yes
spotify:track:1KTObLMW9mwk2iPjP3daHb,Jungle,Notion,Tash Sultana,41eae7243da14fdf80b74965d979ea1b,2025-07-23T17:34:04Z,,0f192ef034654aea98a2a324ab89cb44,No
spotify:track:1Xi8UNNIbUoihVYpVlp5ZV,Lighthouse Keeper,The Chronicles Of A Bohemian Teenager,Get Cape. Wear Cape. Fly,d738825622ae445dbdbc37ce49417c43,2025-07-23T17:19:11Z,"This artist as a whole and the album in particular is one of many important albums to me. Makes me think of high school, simpler times and people I miss. It's also one of the many songs that helped me through the bad times when I was a teenager. But im glad it still brings back the happy memories the most",0f192ef034654aea98a2a324ab89cb44,Yes
spotify:track:2AwPXDmMeUJGt2Ro5Ea10G,Save Yourself,A/B,KALEO,6ced1c59efcf488abb16960d2cd99acd,2025-07-23T18:59:24Z,Chills. Literal chills. ,0f192ef034654aea98a2a324ab89cb44,Yes
spotify:track:2M9ro2krNb7nr7HSprkEgo,Fast Car,Tracy Chapman,Tracy Chapman,ac813392a79c4a7f9ea22dc0b007c908,2025-07-23T18:14:04Z,,0f192ef034654aea98a2a324ab89cb44,No
spotify:track:3GoNxPKPZPaAAZVQZ003TI,Brighter,All We Know Is Falling,Paramore,f94b866e99754c5eb8434a7eb5409fe9,2025-07-23T17:13:45Z,,0f192ef034654aea98a2a324ab89cb44,Yes
spotify:track:3qXpbtghezZZJJu77upfkv,We'll Meet Again,Gold: 100 Songs From A Life In Music,"Vera Lynn, Roland Shaw And His Orchestra, Sailors, Soldiers & Airmen of Her Majesty's Forces",f29c7c3fa4ab415c95422bd0e591a18e,2025-07-23T17:31:21Z,Grandads favourite. A beautiful song,0f192ef034654aea98a2a324ab89cb44,No
spotify:track:3SJWVMRwk5z4Uaff7kGs0d,Spanish Sahara,Total Life Forever,Foals,150852783a7f408b9e60d22546416953,2025-07-23T18:12:43Z,Sorry it's so long but the slow build up for me feels like my head goes silent,0f192ef034654aea98a2a324ab89cb44,Yes
spotify:track:3zBhihYUHBmGd2bcQIobrF,(Sittin' On) the Dock of the Bay,The Dock of the Bay (Mono),Otis Redding,a900caf2bfc84be6b79c469044099464,2025-07-23T17:36:28Z,,0f192ef034654aea98a2a324ab89cb44,Yes
spotify:track:6IQzx60kA56hAC1LZ3Tc8s,Can't Help Falling in Love,Brooklyn Sessions 9,Brooklyn Duo,1f6d56cafbc54fe7afb1aea5d886923f,2025-07-23T19:20:07Z,üë∞ü§µ‚Äç‚ôÇÔ∏è,0f192ef034654aea98a2a324ab89cb44,Yes
spotify:track:05mgMVDS9j4Wtci4MVSJWU,Cloaked,Where Myth Becomes Memory,Rolo Tomassi,1f6d56cafbc54fe7afb1aea5d886923f,2025-07-27T10:48:27Z,The screams and the cleans are the same person. IS THAT TASTEFUL ENOUGH? ,13cc9f00fb6248f78cb696c7a0a64425,Yes
spotify:track:0NPkaQcG0lTv1KBtlgpMFy,FINGER,FINGER,Mother Mother,150852783a7f408b9e60d22546416953,2025-07-26T18:05:07Z,This song came out on Matthew's birthday. Says a lot.,13cc9f00fb6248f78cb696c7a0a64425,No
spotify:track:2Q26sym8OSOl6PfH7LLPtJ,Hardware Store,Poodle Hat,"""Weird Al"" Yankovic",f29c7c3fa4ab415c95422bd0e591a18e,2025-07-27T10:51:49Z,"Fun fact, the entire list of what the store sells was done in one breath. If that's not some impressive vocals I don't know what is",13cc9f00fb6248f78cb696c7a0a64425,No
spotify:track:2QsquiKBcjvDUlO6QyvMEs,Nina Cried Power,"Wasteland, Baby!","Hozier, Mavis Staples",ac813392a79c4a7f9ea22dc0b007c908,2025-07-28T08:35:51Z,,13cc9f00fb6248f78cb696c7a0a64425,No
spotify:track:3svAxaIPpsK1pU5qrsFrzk,The Boat,Los Feliz,Chuck Ragan,41eae7243da14fdf80b74965d979ea1b,2025-07-27T18:44:11Z,,13cc9f00fb6248f78cb696c7a0a64425,No
spotify:track:3Wc4jQhzto9iZehUirrzcM,Happier Than Ever - Edit,Happier Than Ever,Kelly Clarkson,6ced1c59efcf488abb16960d2cd99acd,2025-07-26T17:10:31Z,"Remember, she deserves your points. She's the people's champion ",13cc9f00fb6248f78cb696c7a0a64425,Yes
spotify:track:456WNXWhDwYOSf5SpTuqxd,Dog Days Are Over,Lungs (Deluxe Version),Florence + The Machine,a900caf2bfc84be6b79c469044099464,2025-07-27T11:10:41Z,"""Big God"" was also in my shortlist. Would recommend. ",13cc9f00fb6248f78cb696c7a0a64425,Yes
spotify:track:4eHbdreAnSOrDDsFfc4Fpm,I Will Always Love You,The Bodyguard - Original Soundtrack Album,Whitney Houston,2bbb70be8ec74252baabed5d4363123f,2025-07-26T19:36:50Z,The POWER in this woman's voice üôå,13cc9f00fb6248f78cb696c7a0a64425,Yes
spotify:track:5n6RDaGFSN88oRWuGtYAIN,The Show Must Go On - Remastered 2011,Innuendo (2011 Remaster),Queen,d738825622ae445dbdbc37ce49417c43,2025-07-26T19:59:46Z,"Queens last release before Freddie passed. He was ill when recording it and only took 3 or 4 takes. ""I'll fucking do it, Brian!"" 
Absolute legend of a vocalist ",13cc9f00fb6248f78cb696c7a0a64425,Yes
spotify:track:5QMrH5nszZZR3nefIj6Mar,Defying Gravity,Wicked: The Soundtrack,"Cynthia Erivo, Ariana Grande",f94b866e99754c5eb8434a7eb5409fe9,2025-07-26T17:14:55Z,,13cc9f00fb6248f78cb696c7a0a64425,Yes
spotify:track:6gDXbcILAyBa2skSdbUYq7,Hurt,Back To Basics,Christina Aguilera,4f917f507b4440b8956af6d2102c8799,2025-07-28T08:49:17Z,,13cc9f00fb6248f78cb696c7a0a64425,Yes
spotify:track:0oA9wBGDY4uyILLg4GymWP,Tom's Diner,Tom's Diner,"AnnenMayKantereit, Giant Rooks",2bbb70be8ec74252baabed5d4363123f,2025-07-28T21:22:11Z,"The first voice is great, THEN THE SECOND",f4aa83efb9ea4f0db463f668eb161a99,Yes
spotify:track:0tUELgOuOJ3KCsYMDDsNvD,Nothing Compares 2 U - Live At SiriusXM/2015,Chris Cornell (Deluxe Edition),Chris Cornell,f94b866e99754c5eb8434a7eb5409fe9,2025-07-28T21:04:22Z,,f4aa83efb9ea4f0db463f668eb161a99,Yes
spotify:track:0W43LnKXzRivi0WPaoBLVO,Rasputin,Rasputin,Turisas,1f6d56cafbc54fe7afb1aea5d886923f,2025-07-28T21:35:56Z,,f4aa83efb9ea4f0db463f668eb161a99,No
spotify:track:10un93PelYeLHZZfUk1eQU,Boyz-n-the Hood,Boyz-n-the Hood,Dynamite Hack,41eae7243da14fdf80b74965d979ea1b,2025-07-28T20:29:33Z,,f4aa83efb9ea4f0db463f668eb161a99,No
spotify:track:2aoo2jlRnM3A0NyLQqMN2f,All Along the Watchtower,Electric Ladyland,Jimi Hendrix,d738825622ae445dbdbc37ce49417c43,2025-07-28T20:23:09Z,,f4aa83efb9ea4f0db463f668eb161a99,Yes
spotify:track:2T2c07K9PoO4pWYCXdIOLT,Unwritten,Unwritten,Settle Your Scores,a900caf2bfc84be6b79c469044099464,2025-07-28T20:29:03Z,,f4aa83efb9ea4f0db463f668eb161a99,Yes
spotify:track:3iD7f8biGSkrgGB609uzCR,True Colors - 2016 Remaster,The Singles (Expanded),Phil Collins,6ced1c59efcf488abb16960d2cd99acd,2025-07-28T21:17:00Z,,f4aa83efb9ea4f0db463f668eb161a99,No
spotify:track:5NLzJAUFM6I6MaKCEXKpxO,Lay All Your Love On Me,Lost in Space (Pt. 1 & Pt. 2),Avantasia,f29c7c3fa4ab415c95422bd0e591a18e,2025-07-28T20:21:40Z,What a glorious cover,f4aa83efb9ea4f0db463f668eb161a99,No
spotify:track:5PK1JCSdr34gWgzYHgt3Jq,Feeling Good,Origin of Symmetry,Muse,ac813392a79c4a7f9ea22dc0b007c908,2025-07-28T20:24:31Z,,f4aa83efb9ea4f0db463f668eb161a99,No
spotify:track:6gJdDnF2TzfA1WPMXuCa3x,Proud Mary,What's Love Got to Do with It?,Tina Turner,4f917f507b4440b8956af6d2102c8799,2025-07-28T20:28:13Z,,f4aa83efb9ea4f0db463f668eb161a99,Yes
spotify:track:6x99an9ChMTqfp7HBlx1NC,Creep - The Four Performance,Creep (The Four Performance),VINCINT,150852783a7f408b9e60d22546416953,2025-07-28T20:18:08Z,Probably my favourite version of this song,f4aa83efb9ea4f0db463f668eb161a99,Yes
spotify:track:16YktaSw5wfbjsSTTxE5ZH,Danza Kuduro,House Party Jams,"Don Omar, Lucenzo",f94b866e99754c5eb8434a7eb5409fe9,2025-07-30T18:46:48Z,On a boat partying with Vin diesel and Paul Walker.,4f530b68af954416b03a27f861eb602a,Yes
spotify:track:18q5OmlDTbSm8w9J1i17dT,Overcome,Overcome,Nothing But Thieves,6ced1c59efcf488abb16960d2cd99acd,2025-07-30T17:07:24Z,"Imagine this song, roof top down, road trip, sun shining.... ",4f530b68af954416b03a27f861eb602a,Yes
spotify:track:25nzKGDiua1lE9Qo5V19GL,Young Blood,"Passive Me, Aggressive You",The Naked And Famous,d738825622ae445dbdbc37ce49417c43,2025-07-30T16:54:44Z,"Too many songs to choose from. If I remember correctly, the music video is nice too üåû",4f530b68af954416b03a27f861eb602a,Yes
spotify:track:260Ub1Yuj4CobdISTOBvM9,Wet Dream,Wet Leg,Wet Leg,41eae7243da14fdf80b74965d979ea1b,2025-07-31T08:53:11Z,"It reminds me of summer... but I'm sun-advertent, so who knows ü§∑‚Äç‚ôÇÔ∏è",4f530b68af954416b03a27f861eb602a,No
spotify:track:3KkXRkHbMCARz0aVfEt68P,Sunflower - Spider-Man: Into the Spider-Verse,Spider-Man: Into the Spider-Verse (Soundtrack From & Inspired by the Motion Picture),"Post Malone, Swae Lee",2bbb70be8ec74252baabed5d4363123f,2025-07-30T16:51:29Z,,4f530b68af954416b03a27f861eb602a,Yes
spotify:track:3zEN0ii6s4DHHBpnTp3RP7,We Are The People,Walking On A Dream (10th Anniversary Edition),Empire Of The Sun,ac813392a79c4a7f9ea22dc0b007c908,2025-07-31T09:58:19Z,,4f530b68af954416b03a27f861eb602a,No
spotify:track:42et6fnHCw1HIPSrdPprMl,Semi-Charmed Life,Third Eye Blind,Third Eye Blind,a900caf2bfc84be6b79c469044099464,2025-07-30T16:57:18Z,"Doot do doo, doot do do dooo",4f530b68af954416b03a27f861eb602a,Yes
spotify:track:4DX82Vc8qAH4jJPvKxvwg6,Move Your Feet,D-D-Don't Don't Stop the Beat,Junior Senior,150852783a7f408b9e60d22546416953,2025-07-30T19:04:32Z,,4f530b68af954416b03a27f861eb602a,No
spotify:track:5PRRthP9SLfbXB359MfIWv,I Will Wait,Babel (Deluxe Version),Mumford & Sons,f29c7c3fa4ab415c95422bd0e591a18e,2025-07-30T16:51:57Z,Defo a song you'd listen too round a campfire with friends ,4f530b68af954416b03a27f861eb602a,No
spotify:track:6AI3ezQ4o3HUoP6Dhudph3,Not Like Us,Not Like Us,Kendrick Lamar,1f6d56cafbc54fe7afb1aea5d886923f,2025-07-30T20:14:09Z,Song of Summer ‚Äò24,4f530b68af954416b03a27f861eb602a,Yes
spotify:track:6dGnYIeXmHdcikdzNNDMm2,Here Comes The Sun - Remastered 2009,Abbey Road (Remastered),The Beatles,4f917f507b4440b8956af6d2102c8799,2025-07-31T13:09:48Z,,4f530b68af954416b03a27f861eb602a,Yes
spotify:track:0xpBr84T3FTm9j4D1MdPtk,Invisible Touch - 2007 Remaster,Invisible Touch (2007 Remaster),Genesis,1f6d56cafbc54fe7afb1aea5d886923f,2025-08-01T09:51:22Z,"Spotify only has the remaster, it‚Äôs 1986 originally. ",f3953a02199347aca11e6e730c8725cc,Yes
spotify:track:1JLn8RhQzHz3qDqsChcmBl,I Want to Know What Love Is - 1999 Remaster,Agent Provocateur,Foreigner,f29c7c3fa4ab415c95422bd0e591a18e,2025-08-01T09:45:49Z,Truly iconic,f3953a02199347aca11e6e730c8725cc,No
spotify:track:2K22nUTdyr48JDwI5t906t,Relax (Come Fighting),Welcome To The Pleasuredome,Frankie Goes To Hollywood,4f917f507b4440b8956af6d2102c8799,2025-08-01T10:13:19Z,relax ,f3953a02199347aca11e6e730c8725cc,Yes
spotify:track:3Cx4yrFaX8CeHwBMReOWXI,We Didn't Start the Fire,Storm Front,Billy Joel,150852783a7f408b9e60d22546416953,2025-08-01T09:56:34Z,,f3953a02199347aca11e6e730c8725cc,No
spotify:track:3fH4KjXFYMmljxrcGrbPj9,Don't You (Forget About Me),Once Upon A Time (Super Deluxe),Simple Minds,41eae7243da14fdf80b74965d979ea1b,2025-08-01T11:25:02Z,,f3953a02199347aca11e6e730c8725cc,No
spotify:track:4NnWuGQujzWUEg0uZokO5M,Just Like Heaven,"Kiss Me, Kiss Me, Kiss Me",The Cure,d738825622ae445dbdbc37ce49417c43,2025-08-01T12:06:37Z,,f3953a02199347aca11e6e730c8725cc,Yes
spotify:track:4y1LsJpmMti1PfRQV9AWWe,Girls Just Want to Have Fun,She's So Unusual,Cyndi Lauper,a900caf2bfc84be6b79c469044099464,2025-08-01T09:42:35Z,,f3953a02199347aca11e6e730c8725cc,Yes
spotify:track:5Hyr47BBGpvOfcykSCcaw9,"Holding Out for a Hero - From ""Footloose"" Soundtrack",Secret Dreams and Forbidden Fire,Bonnie Tyler,f94b866e99754c5eb8434a7eb5409fe9,2025-08-01T10:29:48Z,Too many songs to choose from too many directions. Going to go with what I want to bop along to right now! ,f3953a02199347aca11e6e730c8725cc,Yes
spotify:track:5XcZRgJv3zMhTqCyESjQrF,Poison,Trash,Alice Cooper,2bbb70be8ec74252baabed5d4363123f,2025-08-01T09:47:13Z,I feel like this song is peak 80s glam metal. Classic dad rockü§ò,f3953a02199347aca11e6e730c8725cc,Yes
spotify:track:6hHc7Pks7wtBIW8Z6A0iFq,Blue Monday,Substance,New Order,6ced1c59efcf488abb16960d2cd99acd,2025-08-01T10:07:35Z,"This song's composition is so bloody impressive and unusual. It's local, it's 80s yet it is timeless too! 

I appreciate the song is 7 minutes long. Vocals don't come in for ages. It rejects standard structure, instead builds around a hypnotic, layered progression of sick beats, synths and Peter Hook's bassline. 

My god. 
What a tune. ",f3953a02199347aca11e6e730c8725cc,Yes
spotify:track:7L3b6iaVhDVjfo52Hbvh9Z,Edge of Seventeen - 2016 Remaster,Bella Donna (2016 Remastered),Stevie Nicks,ac813392a79c4a7f9ea22dc0b007c908,2025-08-01T09:50:36Z,,f3953a02199347aca11e6e730c8725cc,No
spotify:track:0y5akbuW5mCnnUe71xATpe,Concorde,Ants From Up There,"Black Country, New Road",1f6d56cafbc54fe7afb1aea5d886923f,2025-08-01T20:41:44Z,"The whole album is pretty bleak Tbf, supposedly about the singers break up with Charli XCX and other relationships. He wrote it and left the band being too depressed to perform. ",da278874b7a14fb581a67b5c04d22f5d,Yes
spotify:track:1CTex49P0iWwzUGsMNjgaV,Strange Fruit,Billie Holiday,Billie Holiday,41eae7243da14fdf80b74965d979ea1b,2025-08-01T20:38:16Z,,da278874b7a14fb581a67b5c04d22f5d,No
spotify:track:1RGsZfUwt2a6yLzL2yoj1X,Unsteady,VHS,X Ambassadors,6ced1c59efcf488abb16960d2cd99acd,2025-08-01T20:28:36Z,,da278874b7a14fb581a67b5c04d22f5d,Yes
spotify:track:1TvNcWY7WwPLQINhimxycA,Hear You Me,Bleed American,Jimmy Eat World,d738825622ae445dbdbc37ce49417c43,2025-08-01T17:02:36Z,ü§ç,da278874b7a14fb581a67b5c04d22f5d,Yes
spotify:track:2fuYa3Lx06QQJAm0MjztKr,Let Down,OK Computer,Radiohead,150852783a7f408b9e60d22546416953,2025-08-01T15:15:46Z,I was so stuck between 2 songs but this one just means a lot to me,da278874b7a14fb581a67b5c04d22f5d,Yes
spotify:track:2upY39GfgHJvyjTVwz77dq,"Midna's Lament (From ""The Legend of Zelda: Twilight Princess"")",ZELDA: Piano Temple,Mois√©s Nieto,f29c7c3fa4ab415c95422bd0e591a18e,2025-08-01T15:10:21Z,Perfectly fits the theme I think,da278874b7a14fb581a67b5c04d22f5d,No
spotify:track:3xXBsjrbG1xQIm1xv1cKOt,One More Light,One More Light,Linkin Park,a900caf2bfc84be6b79c469044099464,2025-08-01T15:14:48Z,Jfc this song is devastating üò≠,da278874b7a14fb581a67b5c04d22f5d,Yes
spotify:track:5fVZC9GiM4e8vu99W0Xf6J,How to Save a Life,How To Save A Life,The Fray,2bbb70be8ec74252baabed5d4363123f,2025-08-01T20:40:38Z,"This song always was a go to for a good cry, after January it took on a whole new meaning. If you haven't listened for a while, or only on Grey's, please listen again.",da278874b7a14fb581a67b5c04d22f5d,Yes
spotify:track:5kMC5SXZEOdvZ20S0EGYuL,This Is Not The End,Light After Dark,Clare Maguire,4f917f507b4440b8956af6d2102c8799,2025-08-01T17:33:01Z,The saddest song I ever did hear. ,da278874b7a14fb581a67b5c04d22f5d,Yes
spotify:track:6v0UJD4a2FtleHeSYVX02A,I Drink Wine,30,Adele,f94b866e99754c5eb8434a7eb5409fe9,2025-08-01T16:34:13Z,,da278874b7a14fb581a67b5c04d22f5d,Yes
spotify:track:7jqzZyJJLrpkRFYGpkqSK6,Breathe Me,Colour The Small One,Sia,ac813392a79c4a7f9ea22dc0b007c908,2025-08-01T17:42:29Z,,da278874b7a14fb581a67b5c04d22f5d,No
spotify:track:0gmbgwZ8iqyMPmXefof8Yf,How You Remind Me,Silver Side Up,Nickelback,f94b866e99754c5eb8434a7eb5409fe9,2025-08-04T21:35:02Z,,9b619ced1d2d42a281ba848cfc2aca86,Yes
spotify:track:0Ph6L4l8dYUuXFmb71Ajnd,Livin' la Vida Loca,Ricky Martin,Ricky Martin,2bbb70be8ec74252baabed5d4363123f,2025-08-04T20:15:07Z,,9b619ced1d2d42a281ba848cfc2aca86,Yes
spotify:track:1di1BEgJYzPvXUuinsYJGP,Everybody (Backstreet's Back) - Radio Edit,Backstreet's Back,Backstreet Boys,a900caf2bfc84be6b79c469044099464,2025-08-04T19:50:14Z,Am I SEXUAL?,9b619ced1d2d42a281ba848cfc2aca86,Yes
spotify:track:1pLPmB2kxIHqOmkThL7AK2,Ooh Ahh... Just A Little Bit,Ooh Ahh... Just A Little Bit (Re-record) - Single,Gina G.,d738825622ae445dbdbc37ce49417c43,2025-08-04T20:08:39Z,,9b619ced1d2d42a281ba848cfc2aca86,Yes
spotify:track:1SAkL1mYNJlaqnBQxVZrRl,Baby Got Back,Mack Daddy,Sir Mix-A-Lot,150852783a7f408b9e60d22546416953,2025-08-04T19:54:02Z,,9b619ced1d2d42a281ba848cfc2aca86,No
spotify:track:2TTYIwTM2iLC1YOyHuhRMt,Lucky,Oops!... I Did It Again,Britney Spears,ac813392a79c4a7f9ea22dc0b007c908,2025-08-04T20:41:37Z,"Guys, she cry cry cries in her lonely heart ",9b619ced1d2d42a281ba848cfc2aca86,No
spotify:track:35zGjsxI020C2NPKp2fzS7,It's Gonna Be Me,No Strings Attached,*NSYNC,6ced1c59efcf488abb16960d2cd99acd,2025-08-04T19:58:31Z,,9b619ced1d2d42a281ba848cfc2aca86,No
spotify:track:3Yqk2pdNJUtI7VOtweASV8,Tragedy,Steptacular,Steps,1f6d56cafbc54fe7afb1aea5d886923f,2025-08-04T19:42:46Z,"Fun fact, Steps was the first gig I ever went to. ",9b619ced1d2d42a281ba848cfc2aca86,Yes
spotify:track:4PTG3Z6ehGkBFwjybzWkR8,Never Gonna Give You Up,Whenever You Need Somebody,Rick Astley,41eae7243da14fdf80b74965d979ea1b,2025-08-04T19:56:48Z,,9b619ced1d2d42a281ba848cfc2aca86,No
spotify:track:6mhw2fEPH4fMF0wolNm96e,Macarena,Hits Of The 90s,Los Del Rio,f29c7c3fa4ab415c95422bd0e591a18e,2025-08-04T19:37:45Z,Ah yes. The ultimate cheese,9b619ced1d2d42a281ba848cfc2aca86,No
spotify:track:6x4tKaOzfNJpEJHySoiJcs,Mambo No. 5 (a Little Bit of...),A Little Bit of Mambo,Lou Bega,4f917f507b4440b8956af6d2102c8799,2025-08-04T19:59:14Z,,9b619ced1d2d42a281ba848cfc2aca86,Yes
spotify:track:0dphBm2cbkAHTW38G4OdmL,SHINOBI VS DRAGON NINJA,THE FAKE SOUND OF PROGRESS,lostprophets,a900caf2bfc84be6b79c469044099464,2025-08-06T11:35:07Z,"I know at least one other person has submitted a lostprophets song, but this is the better one (especially if they chose Rooftops ;-). 
I remember buying this album from ""Our Price"" (y'all remember them?) as a teenager. Obviously I can't listen to it anymore because Ian Watkins is a depraved monster. ",1602342e6a1d4084ad185a998ab78b4e,Yes
spotify:track:1Cj2vqUwlJVG27gJrun92y,The Sound of Silence,Immortalized,Disturbed,2bbb70be8ec74252baabed5d4363123f,2025-08-06T11:09:26Z,"Signing bombs for children in Gaza? Fuck you.

I recognise this isn't Down with the sickness, however, they have to split payment with Simon and Garfunkel for the plays. 

It's also a fucking great cover. Prick. ",1602342e6a1d4084ad185a998ab78b4e,Yes
spotify:track:2dcooFjEEMb8sGyOOO4JGT,A Town Called Hypocrisy,Liberation Transmission,lostprophets,d738825622ae445dbdbc37ce49417c43,2025-08-06T11:13:49Z,"If you remember the music video its worse 

Ian Watkins is a nonce and if you dont know what he did im not gonna type it pls Google ü§¢",1602342e6a1d4084ad185a998ab78b4e,Yes
spotify:track:2JfzT7IkVeEbdPrDKebI83,Jim'll Fix It for You,"TV Theme Favourites, Vol. 1",Prime Time TV,41eae7243da14fdf80b74965d979ea1b,2025-08-06T11:35:18Z,"Alright fair, the ratios off. 10% banger 90% problematic.",1602342e6a1d4084ad185a998ab78b4e,No
spotify:track:2o6U8T1Iq8Q704g7B2Idir,"Look At Your Game, Girl",Lie: The Love and Terror Cult,Charles Manson,f29c7c3fa4ab415c95422bd0e591a18e,2025-08-06T11:13:40Z,"The musical equivalent of the ""you enjoyed a painting done by Hitler"" meme -

 Charles Manson is an American Serial Killer, cult leader, wanted to start a race war, generally just a horrid human",1602342e6a1d4084ad185a998ab78b4e,Yes
spotify:track:32xJkug33jPtQpdFTeIq66,The Court of King Caractacus,Ideal,Rolf Harris,4f917f507b4440b8956af6d2102c8799,2025-08-06T11:12:49Z,I think this is self explanatory as to why it's problematic. That poor kangaroo thought Rolf was a friend to all. Little did he know. ,1602342e6a1d4084ad185a998ab78b4e,Yes
spotify:track:3EktVeMMB0WLZxbmuAgkRS,What I Go To School For,Busted,Busted,f94b866e99754c5eb8434a7eb5409fe9,2025-08-06T11:36:20Z,,1602342e6a1d4084ad185a998ab78b4e,Yes
spotify:track:54ceIU2idlglv0XlYJNe2a,The Fall,Pebble Brain,Lovejoy,150852783a7f408b9e60d22546416953,2025-08-06T10:59:12Z,"The singer is famously known as the ""Brighton Biter"". Used to bite his girlfriend until she bruised and would push on the bruises. Made a safe word then wouldn't stop when she used it. When he was exposed he refused to apologise and instead just promoted his music. ",1602342e6a1d4084ad185a998ab78b4e,Yes
spotify:track:5dNfHmqgr128gMY2tc5CeJ,Ignition - Remix,Chocolate Factory,R. Kelly,1f6d56cafbc54fe7afb1aea5d886923f,2025-08-06T11:12:07Z,Does this need explaining? He‚Äôs a monster ,1602342e6a1d4084ad185a998ab78b4e,Yes
spotify:track:5PUvinSo4MNqW7vmomGRS7,Blurred Lines,Blurred Lines,"Robin Thicke, T.I., Pharrell Williams",6ced1c59efcf488abb16960d2cd99acd,2025-08-06T10:57:48Z,"What isn't problematic here... the lyrics.... the video.... Robin Thicke the fucking groper.... the things that carries this banger is Pharrell's beat and it absolutely slaps.... unfortunately of course

You're a good girl (oh yeah)
Can't let it get past me (oh yeah)
You're far from plastic (alright)
Talkin' about getting blasted
I hate these blurred lines",1602342e6a1d4084ad185a998ab78b4e,Yes
spotify:track:7Jh1bpe76CNTCgdgAdBw4Z,Heroes - 2017 Remaster,"""Heroes"" (2017 Remaster)",David Bowie,ac813392a79c4a7f9ea22dc0b007c908,2025-08-06T11:06:51Z,Underage girls BAD BOWIE,1602342e6a1d4084ad185a998ab78b4e,Yes
spotify:track:07GvNcU1WdyZJq3XxP0kZa,Go Your Own Way - 2004 Remaster,Rumours,Fleetwood Mac,4f917f507b4440b8956af6d2102c8799,2025-08-06T14:40:50Z,,fdb22779e99c40daadc5ba50a3ed7477,Yes
spotify:track:0NlGoUyOJSuSHmngoibVAs,All I Want,In A Perfect World (Expanded Edition),Kodaline,150852783a7f408b9e60d22546416953,2025-08-06T15:25:45Z,,fdb22779e99c40daadc5ba50a3ed7477,No
spotify:track:0ZUo4YjG4saFnEJhdWp9Bt,Before He Cheats,Some Hearts,Carrie Underwood,ac813392a79c4a7f9ea22dc0b007c908,2025-08-06T14:31:17Z,,fdb22779e99c40daadc5ba50a3ed7477,No
spotify:track:10wk4XQdba4QpHgFb28Ktk,drivers license - Spotify Singles,Spotify Singles,Lewis Capaldi,f94b866e99754c5eb8434a7eb5409fe9,2025-08-06T16:13:18Z,,fdb22779e99c40daadc5ba50a3ed7477,Yes
spotify:track:1pTw2cNrp9L3esxLAvWnN2,Separate Ways (Worlds Apart) [2023 Remaster],Frontiers (2023 Remaster),Journey,f29c7c3fa4ab415c95422bd0e591a18e,2025-08-06T14:37:19Z,Genuinely struggled for a pick with this one,fdb22779e99c40daadc5ba50a3ed7477,Yes
spotify:track:25Syi9wnfn6ZGAmiOBypPq,Motion Sickness,Stranger in the Alps (Deluxe Edition),Phoebe Bridgers,a900caf2bfc84be6b79c469044099464,2025-08-06T18:06:40Z,,fdb22779e99c40daadc5ba50a3ed7477,Yes
spotify:track:2Ggr9IfS70wYQacW8nZKPG,labour,labour,Paris Paloma,41eae7243da14fdf80b74965d979ea1b,2025-08-06T18:34:32Z,,fdb22779e99c40daadc5ba50a3ed7477,No
spotify:track:5cxnSTLzGD1t9xcdmJYFVB,No Children,Tallahassee,The Mountain Goats,2bbb70be8ec74252baabed5d4363123f,2025-08-06T15:17:39Z,The joy of hating your partner? A couple headed to messy divorce in a song? Yes please! ,fdb22779e99c40daadc5ba50a3ed7477,Yes
spotify:track:5VJETUjJ7y46bAz4min5IB,vampire,GUTS,Olivia Rodrigo,1f6d56cafbc54fe7afb1aea5d886923f,2025-08-06T18:25:29Z,,fdb22779e99c40daadc5ba50a3ed7477,No
spotify:track:6dfwRetlyLPBoQzdufbOWj,Bite Me,Love Sux,Avril Lavigne,d738825622ae445dbdbc37ce49417c43,2025-08-06T15:21:49Z,"Queenü´∂üèª
More of an eff you rather than miss you song but still...this should have come out in 2018 when I needed it!!!",fdb22779e99c40daadc5ba50a3ed7477,Yes
spotify:track:6sqNctd7MlJoKDOxPVCAvU,My Happy Ending,Under My Skin,Avril Lavigne,6ced1c59efcf488abb16960d2cd99acd,2025-08-06T14:29:57Z,,fdb22779e99c40daadc5ba50a3ed7477,No
spotify:track:1c5Pmoh8KWedGYlu4wipPN,The Lost Words Blessing,Spell Songs,"Spell Songs, Julie Fowlis, Karine Polwart, Seckou Keita, Kris Drever, Rachel Newton, Beth Porter, Jim Molyneux, Kerry Andrew",ac813392a79c4a7f9ea22dc0b007c908,2025-08-08T08:44:45Z,,025c6d27b1794fb6b32d1ff960abc309,No
spotify:track:1wpYjFQww0ObsVko0703EO,New York,Pearl,Ellen Krauss,2bbb70be8ec74252baabed5d4363123f,2025-08-08T14:17:21Z,,025c6d27b1794fb6b32d1ff960abc309,Yes
spotify:track:2pEPwdpxKzEi7zC3uxzFJs,Freaks,Freaks,The Hawk In Paris,6ced1c59efcf488abb16960d2cd99acd,2025-08-08T20:01:20Z,"This song makes me feel really good. Ask me next week though, could be a different story. ",025c6d27b1794fb6b32d1ff960abc309,No
spotify:track:2rslQV48gNv3r9pPrQFPW1,Visions of Johanna,Blonde On Blonde,Bob Dylan,d738825622ae445dbdbc37ce49417c43,2025-08-08T10:50:20Z,"Wasn't gonna be anyone else but bob was it üòÇ 
His music is there for me through the best and worst times and this song is a beaut ",025c6d27b1794fb6b32d1ff960abc309,Yes
spotify:track:3FNvPqPE8dYoOZ8HsKkrAF,It's Tough to Be a God,It's Tough to Be a God,"Annapantsu, Elsie Lovelock",f29c7c3fa4ab415c95422bd0e591a18e,2025-08-08T10:33:57Z,Gotta feel good if you're listening to this,025c6d27b1794fb6b32d1ff960abc309,Yes
spotify:track:46F7E7gAB9KVXYpQkdiqNf,Health Is Wealth,Bob Vylan Presents The Price Of Life,Bob Vylan,41eae7243da14fdf80b74965d979ea1b,2025-08-07T18:13:22Z,,025c6d27b1794fb6b32d1ff960abc309,No
spotify:track:4oiAlcisfimXQc1wyAtX9a,Video,Acoustic Soul,India.Arie,a900caf2bfc84be6b79c469044099464,2025-08-09T09:42:14Z,"India Arie is all about self love. Other options from her include Private Party; Strength, Courage & Wisdom; I Am Not My Hair, and This Too Shall Pass. ",025c6d27b1794fb6b32d1ff960abc309,Yes
spotify:track:54KFQB6N4pn926IUUYZGzK,To Build A Home,Ma Fleur,"The Cinematic Orchestra, Patrick Watson",1f6d56cafbc54fe7afb1aea5d886923f,2025-08-07T19:37:27Z,,025c6d27b1794fb6b32d1ff960abc309,No
spotify:track:7BRD7x5pt8Lqa1eGYC4dzj,CHIHIRO,HIT ME HARD AND SOFT,Billie Eilish,4f917f507b4440b8956af6d2102c8799,2025-08-08T11:22:18Z,,025c6d27b1794fb6b32d1ff960abc309,Yes
spotify:track:7iN1s7xHE4ifF5povM6A48,Let It Be - Remastered 2009,Let It Be (Remastered),The Beatles,f94b866e99754c5eb8434a7eb5409fe9,2025-08-08T12:37:03Z,Think I need to tell myself this more often.,025c6d27b1794fb6b32d1ff960abc309,Yes
spotify:track:7sgN9MAdqDkdFhA713ksKM,Sad Forever,Sad Forever (Deluxe),Anthony Amorim,150852783a7f408b9e60d22546416953,2025-08-07T19:01:08Z,Sounds like sad lyrics but it's not. This song means more than a lot to me.,025c6d27b1794fb6b32d1ff960abc309,Yes
spotify:track:0fMWtRhzOoWoCo7dRHVEEa,FACK,Curtain Call: The Hits (Deluxe Edition),Eminem,f94b866e99754c5eb8434a7eb5409fe9,2025-08-12T13:38:50Z,Please listen with lyrics on,f8defb124ee44e738d8f968d0358f577,Yes
spotify:track:1JGGsCZ9zhgPJIsPy0pwt9,Cbat,Satin Panthers,Hudson Mohawke,2bbb70be8ec74252baabed5d4363123f,2025-08-12T15:31:48Z,Gimme them upvotes,f8defb124ee44e738d8f968d0358f577,Yes
spotify:track:2Gp6Q9EDhcNHcJiPctBCmk,flowers & sex,flowers & sex,"EMELINE, smle",6ced1c59efcf488abb16960d2cd99acd,2025-08-12T21:39:53Z," ‚úäüèª‚úäüèª‚úäüèª",f8defb124ee44e738d8f968d0358f577,Yes
spotify:track:35mBYyB61qTcGGj7MXIRM1,Cpr,Queen Elizabitch,cupcakKe,150852783a7f408b9e60d22546416953,2025-08-12T13:37:22Z,,f8defb124ee44e738d8f968d0358f577,No
spotify:track:47jpI85aNpUG0KDLpTPVEq,Closer,Only By The Night,Kings of Leon,4f917f507b4440b8956af6d2102c8799,2025-08-12T13:33:27Z,,f8defb124ee44e738d8f968d0358f577,Yes
spotify:track:4GgBpJYckh7S5Hr0OEmupd,Thong Song,Unleash The Dragon,Sisqo,1f6d56cafbc54fe7afb1aea5d886923f,2025-08-12T15:21:38Z,,f8defb124ee44e738d8f968d0358f577,No
spotify:track:4pchG0mOBAJoXXu1vmwyTY,Black Dress,Black Dress,070 Shake,ac813392a79c4a7f9ea22dc0b007c908,2025-08-12T13:39:27Z,,f8defb124ee44e738d8f968d0358f577,No
spotify:track:4t2OeILB07eMGTXSUbMPEu,Oxytocin,Happier Than Ever,Billie Eilish,41eae7243da14fdf80b74965d979ea1b,2025-08-12T22:02:38Z,,f8defb124ee44e738d8f968d0358f577,No
spotify:track:5pngP9Zq5dv0jrdvDk08ou,WWE: Demon In Your Dreams (Rhea Ripley) [feat. Motionless In White],WWE: Demon In Your Dreams (Rhea Ripley) [feat. Motionless In White],"WWE, def rebel, Motionless In White",d738825622ae445dbdbc37ce49417c43,2025-08-12T13:35:17Z,,f8defb124ee44e738d8f968d0358f577,Yes
spotify:track:5WDLRQ3VCdVrKw0njWe5E5,Careless Whisper,Ladies & Gentlemen,George Michael,f29c7c3fa4ab415c95422bd0e591a18e,2025-08-12T13:32:49Z,Only one real choice,f8defb124ee44e738d8f968d0358f577,Yes
spotify:track:6gpF9X9AliEO6f91LJT8Ej,Business Time,Flight Of The Conchords,"Flight of the Conchords, Jemaine Clement, Bret McKenzie",a900caf2bfc84be6b79c469044099464,2025-08-12T13:52:36Z,,f8defb124ee44e738d8f968d0358f577,Yes
spotify:track:0TAmnCzOtqRfvA38DDLTjj,Little Things,Take Me Home (Expanded Edition),One Direction,ac813392a79c4a7f9ea22dc0b007c908,2025-08-16T19:05:59Z,Think they were going for body positive but ended up condescending and a bit neggy ,7a2f9b5b5b5a4435831f2cf73a1d35aa,Yes
spotify:track:0tgVpDi06FyKpA1z0VMD4v,Perfect,√∑ (Deluxe),Ed Sheeran,f94b866e99754c5eb8434a7eb5409fe9,2025-08-15T10:34:29Z,,7a2f9b5b5b5a4435831f2cf73a1d35aa,Yes
spotify:track:1JSTJqkT5qHq8MDJnJbRE1,Every Breath You Take,Synchronicity (Remastered 2003),The Police,1f6d56cafbc54fe7afb1aea5d886923f,2025-08-15T10:26:03Z,It‚Äôs about a stalker. ,7a2f9b5b5b5a4435831f2cf73a1d35aa,Yes
spotify:track:2stkLJ0JNcXkIRDNF3ld6c,You've Got a Friend in Me,Toy Story (Original Motion Picture Soundtrack),Randy Newman,6ced1c59efcf488abb16960d2cd99acd,2025-08-15T11:04:24Z,"I was at a wedding where this occurred, I almost cringed out of my arsehole",7a2f9b5b5b5a4435831f2cf73a1d35aa,Yes
spotify:track:3U4isOIWM3VvDubwSI3y7a,All of Me,Love In The Future (Expanded Edition),John Legend,d738825622ae445dbdbc37ce49417c43,2025-08-15T10:56:20Z,,7a2f9b5b5b5a4435831f2cf73a1d35aa,Yes
spotify:track:4DEcdqqKokU7UAE4wCGQEy,Always Look On The Bright Side Of Life,Monty Python Sings,Monty Python,f29c7c3fa4ab415c95422bd0e591a18e,2025-08-15T12:15:17Z,,7a2f9b5b5b5a4435831f2cf73a1d35aa,No
spotify:track:4vhVDkSx9RSb2k6mWFMYNI,You're My Best Friend - Remastered 2011,A Night At The Opera (2011 Remaster),Queen,150852783a7f408b9e60d22546416953,2025-08-15T10:40:16Z,,7a2f9b5b5b5a4435831f2cf73a1d35aa,No
spotify:track:5VIfacsWytkcgr7aTt8Tql,A Whole New World,Aladdin (Original Motion Picture Soundtrack),"Lea Salonga, Brad Kane, Disney",41eae7243da14fdf80b74965d979ea1b,2025-08-17T07:37:38Z,Or any Disney song really.,7a2f9b5b5b5a4435831f2cf73a1d35aa,No
spotify:track:6qc34bnVOyqGDPni8H5W0U,Amazed,Lonely Grill,Lonestar,a900caf2bfc84be6b79c469044099464,2025-08-15T10:25:50Z,I'm so sorry if anyone likes this song or knows someone who had this as their first dance but every time I hear it I want to vomit repeatedly until I die. ,7a2f9b5b5b5a4435831f2cf73a1d35aa,Yes
spotify:track:6SKwQghsR8AISlxhcwyA9R,Marry You,Doo-Wops & Hooligans,Bruno Mars,4f917f507b4440b8956af6d2102c8799,2025-08-17T10:00:54Z,,7a2f9b5b5b5a4435831f2cf73a1d35aa,Yes
spotify:track:6wpGqhRvJGNNXwWlPmkMyO,I Still Haven't Found What I'm Looking For,The Joshua Tree (Super Deluxe),U2,2bbb70be8ec74252baabed5d4363123f,2025-08-15T10:20:41Z,,7a2f9b5b5b5a4435831f2cf73a1d35aa,Yes
